Temps,Lecture du capteur(mg/dL)
23-03-2026 20:22 GMT,277
23-03-2026 20:27 GMT,297
23-03-2026 20:32 GMT,320
23-03-2026 20:37 GMT,345
23-03-2026 20:42 GMT,347
23-03-2026 20:47 GMT,331
23-03-2026 20:52 GMT,327
23-03-2026 20:57 GMT,333
23-03-2026 21:02 GMT,336
23-03-2026 21:07 GMT,317
23-03-2026 21:12 GMT,318
23-03-2026 21:17 GMT,338
23-03-2026 21:22 GMT,327
23-03-2026 21:27 GMT,311
23-03-2026 21:32 GMT,322
23-03-2026 21:37 GMT,308
23-03-2026 21:42 GMT,311
23-03-2026 21:47 GMT,300
23-03-2026 21:52 GMT,295
23-03-2026 21:57 GMT,281
23-03-2026 22:02 GMT,268
23-03-2026 22:07 GMT,272
23-03-2026 22:12 GMT,255
23-03-2026 22:17 GMT,257
23-03-2026 22:22 GMT,270
23-03-2026 22:27 GMT,252
23-03-2026 22:32 GMT,268
23-03-2026 22:37 GMT,257
23-03-2026 22:42 GMT,217
23-03-2026 22:47 GMT,185
23-03-2026 22:52 GMT,183
23-03-2026 22:57 GMT,199
23-03-2026 23:02 GMT,221
23-03-2026 23:07 GMT,255
23-03-2026 23:12 GMT,246
23-03-2026 23:17 GMT,281
23-03-2026 23:22 GMT,273
23-03-2026 23:27 GMT,284
23-03-2026 23:32 GMT,264
23-03-2026 23:37 GMT,261
23-03-2026 23:42 GMT,250
23-03-2026 23:47 GMT,263
23-03-2026 23:52 GMT,308
23-03-2026 23:57 GMT,288
24-03-2026 00:02 GMT,302
24-03-2026 00:07 GMT,291
24-03-2026 00:12 GMT,293
24-03-2026 00:17 GMT,290
24-03-2026 00:22 GMT,277
24-03-2026 00:27 GMT,266
24-03-2026 00:32 GMT,257
24-03-2026 00:37 GMT,246
24-03-2026 00:42 GMT,248
24-03-2026 00:47 GMT,245
24-03-2026 00:52 GMT,243
24-03-2026 00:57 GMT,239
24-03-2026 01:02 GMT,234
24-03-2026 01:07 GMT,228
24-03-2026 01:12 GMT,232
24-03-2026 01:17 GMT,228
24-03-2026 01:22 GMT,219
24-03-2026 01:27 GMT,214
24-03-2026 01:32 GMT,216
24-03-2026 01:37 GMT,190
24-03-2026 01:42 GMT,189
24-03-2026 01:47 GMT,198
24-03-2026 01:52 GMT,185
24-03-2026 01:57 GMT,192
24-03-2026 02:02 GMT,185
24-03-2026 02:07 GMT,176
24-03-2026 02:12 GMT,174
24-03-2026 02:17 GMT,181
24-03-2026 02:22 GMT,185
24-03-2026 02:27 GMT,187
24-03-2026 02:32 GMT,187
24-03-2026 02:37 GMT,185
24-03-2026 02:42 GMT,183
24-03-2026 02:47 GMT,187
24-03-2026 02:52 GMT,185
24-03-2026 02:57 GMT,172
24-03-2026 03:02 GMT,165
24-03-2026 03:07 GMT,163
24-03-2026 03:12 GMT,163
24-03-2026 03:17 GMT,167
24-03-2026 03:22 GMT,167
24-03-2026 03:27 GMT,181
24-03-2026 03:32 GMT,183
24-03-2026 03:37 GMT,190
24-03-2026 03:42 GMT,187
24-03-2026 03:47 GMT,180
24-03-2026 03:52 GMT,180
24-03-2026 03:57 GMT,180
24-03-2026 04:02 GMT,196
24-03-2026 04:07 GMT,199
24-03-2026 04:12 GMT,172
24-03-2026 04:17 GMT,158
24-03-2026 04:22 GMT,154
24-03-2026 04:27 GMT,149
24-03-2026 04:32 GMT,131
24-03-2026 04:37 GMT,115
24-03-2026 04:42 GMT,106
24-03-2026 04:47 GMT,129
24-03-2026 04:52 GMT,149
24-03-2026 04:57 GMT,135
24-03-2026 05:02 GMT,126
24-03-2026 05:07 GMT,142
24-03-2026 05:12 GMT,162
24-03-2026 05:17 GMT,192
24-03-2026 05:22 GMT,196
24-03-2026 05:27 GMT,174
24-03-2026 05:32 GMT,156
24-03-2026 05:37 GMT,145
24-03-2026 05:42 GMT,145
24-03-2026 05:47 GMT,144
24-03-2026 05:52 GMT,144
24-03-2026 05:57 GMT,180
24-03-2026 06:02 GMT,201
24-03-2026 06:07 GMT,219
24-03-2026 06:12 GMT,196
24-03-2026 06:17 GMT,174
24-03-2026 06:22 GMT,171
24-03-2026 06:27 GMT,140
24-03-2026 06:32 GMT,113
24-03-2026 06:37 GMT,153
24-03-2026 06:42 GMT,196
24-03-2026 06:47 GMT,187
24-03-2026 06:52 GMT,192
24-03-2026 06:57 GMT,178
24-03-2026 07:02 GMT,190
24-03-2026 07:07 GMT,178
24-03-2026 07:12 GMT,203
24-03-2026 07:17 GMT,203
24-03-2026 07:22 GMT,196
24-03-2026 07:27 GMT,199
24-03-2026 07:32 GMT,203
24-03-2026 07:37 GMT,212
24-03-2026 07:42 GMT,210
24-03-2026 07:47 GMT,208
24-03-2026 07:52 GMT,210
24-03-2026 07:57 GMT,210
24-03-2026 08:02 GMT,212
24-03-2026 08:07 GMT,210
24-03-2026 08:12 GMT,190
24-03-2026 08:17 GMT,167
24-03-2026 08:22 GMT,160
24-03-2026 08:27 GMT,160
24-03-2026 08:32 GMT,165
24-03-2026 08:37 GMT,165
24-03-2026 08:42 GMT,160
24-03-2026 08:47 GMT,156
24-03-2026 08:52 GMT,151
24-03-2026 08:57 GMT,147
24-03-2026 09:02 GMT,144
24-03-2026 09:07 GMT,142
24-03-2026 09:12 GMT,160
24-03-2026 09:17 GMT,199
24-03-2026 09:22 GMT,196
24-03-2026 09:27 GMT,208
24-03-2026 09:32 GMT,212
24-03-2026 09:37 GMT,210
24-03-2026 09:42 GMT,207
24-03-2026 09:47 GMT,214
24-03-2026 09:52 GMT,219
24-03-2026 09:57 GMT,219
24-03-2026 10:02 GMT,192
24-03-2026 10:07 GMT,180
24-03-2026 10:12 GMT,180
24-03-2026 10:17 GMT,176
24-03-2026 10:22 GMT,192
24-03-2026 10:27 GMT,196
24-03-2026 10:32 GMT,190
24-03-2026 10:37 GMT,203
24-03-2026 10:42 GMT,216
24-03-2026 10:47 GMT,216
24-03-2026 10:52 GMT,214
24-03-2026 10:57 GMT,207
24-03-2026 11:02 GMT,192
24-03-2026 11:07 GMT,194
24-03-2026 11:12 GMT,201
24-03-2026 11:17 GMT,194
24-03-2026 11:22 GMT,167
24-03-2026 11:27 GMT,183
24-03-2026 11:32 GMT,198
24-03-2026 11:37 GMT,214
24-03-2026 11:42 GMT,227
24-03-2026 11:47 GMT,248
24-03-2026 11:52 GMT,245
24-03-2026 11:57 GMT,245
24-03-2026 12:02 GMT,268
24-03-2026 12:07 GMT,268
24-03-2026 12:12 GMT,277
24-03-2026 12:17 GMT,290
24-03-2026 12:22 GMT,309
24-03-2026 12:27 GMT,320
24-03-2026 12:32 GMT,331
24-03-2026 12:37 GMT,338
24-03-2026 12:42 GMT,331
24-03-2026 12:47 GMT,344
24-03-2026 12:52 GMT,358
24-03-2026 12:57 GMT,371
24-03-2026 13:02 GMT,354
24-03-2026 13:07 GMT,367
24-03-2026 13:12 GMT,385
24-03-2026 13:17 GMT,383
24-03-2026 13:22 GMT,378
24-03-2026 13:27 GMT,374
24-03-2026 13:32 GMT,365
24-03-2026 13:37 GMT,372
24-03-2026 13:42 GMT,363
24-03-2026 13:47 GMT,358
24-03-2026 13:52 GMT,349
24-03-2026 13:57 GMT,326
24-03-2026 14:02 GMT,327
24-03-2026 14:07 GMT,324
24-03-2026 14:12 GMT,326
24-03-2026 14:17 GMT,322
24-03-2026 14:22 GMT,309
24-03-2026 14:27 GMT,309
24-03-2026 14:32 GMT,304
24-03-2026 14:37 GMT,284
24-03-2026 14:42 GMT,288
24-03-2026 14:47 GMT,282
24-03-2026 14:52 GMT,259
24-03-2026 14:57 GMT,273
24-03-2026 15:02 GMT,282
24-03-2026 15:07 GMT,286
24-03-2026 15:12 GMT,288
24-03-2026 15:17 GMT,279
24-03-2026 15:22 GMT,266
24-03-2026 15:27 GMT,252
24-03-2026 15:32 GMT,250
24-03-2026 15:37 GMT,236
24-03-2026 15:42 GMT,237
24-03-2026 15:47 GMT,245
24-03-2026 15:52 GMT,236
24-03-2026 15:57 GMT,234
24-03-2026 16:02 GMT,217
24-03-2026 16:07 GMT,208
24-03-2026 16:12 GMT,199
24-03-2026 16:17 GMT,203
24-03-2026 16:22 GMT,192
24-03-2026 16:27 GMT,172
24-03-2026 16:32 GMT,167
24-03-2026 16:37 GMT,174
24-03-2026 16:42 GMT,181
24-03-2026 16:47 GMT,183
24-03-2026 16:52 GMT,205
24-03-2026 16:57 GMT,203
24-03-2026 17:02 GMT,181
24-03-2026 17:07 GMT,185
24-03-2026 17:12 GMT,174
24-03-2026 17:17 GMT,185
24-03-2026 17:22 GMT,194
24-03-2026 17:27 GMT,194
24-03-2026 17:32 GMT,187
24-03-2026 17:37 GMT,194
24-03-2026 17:42 GMT,189
24-03-2026 17:47 GMT,181
24-03-2026 17:52 GMT,165
24-03-2026 17:57 GMT,136
24-03-2026 18:02 GMT,127
24-03-2026 18:07 GMT,172
24-03-2026 18:12 GMT,181
24-03-2026 18:17 GMT,176
24-03-2026 18:22 GMT,176
24-03-2026 18:27 GMT,174
24-03-2026 18:32 GMT,172
24-03-2026 18:37 GMT,171
24-03-2026 18:42 GMT,169
24-03-2026 18:47 GMT,167
24-03-2026 18:52 GMT,165
24-03-2026 18:57 GMT,162
24-03-2026 19:02 GMT,153
24-03-2026 19:07 GMT,142
24-03-2026 19:12 GMT,149
24-03-2026 19:17 GMT,154
24-03-2026 19:22 GMT,140
24-03-2026 19:27 GMT,140
24-03-2026 19:32 GMT,126
24-03-2026 19:37 GMT,131
24-03-2026 19:42 GMT,129
24-03-2026 19:47 GMT,127
24-03-2026 19:52 GMT,147
24-03-2026 19:57 GMT,151
24-03-2026 20:02 GMT,149
24-03-2026 20:07 GMT,153
24-03-2026 20:12 GMT,160
24-03-2026 20:17 GMT,158
24-03-2026 20:22 GMT,156
24-03-2026 20:27 GMT,153
24-03-2026 20:32 GMT,151
24-03-2026 20:37 GMT,153
24-03-2026 20:42 GMT,153
24-03-2026 20:47 GMT,149
24-03-2026 20:52 GMT,145
24-03-2026 20:57 GMT,147
24-03-2026 21:02 GMT,144
24-03-2026 21:07 GMT,151
24-03-2026 21:12 GMT,156
24-03-2026 21:17 GMT,158
24-03-2026 21:22 GMT,162
24-03-2026 21:27 GMT,156
24-03-2026 21:32 GMT,156
24-03-2026 21:37 GMT,147
24-03-2026 21:42 GMT,160
24-03-2026 21:47 GMT,162
24-03-2026 21:52 GMT,162
24-03-2026 21:57 GMT,163
24-03-2026 22:02 GMT,163
24-03-2026 22:07 GMT,171
24-03-2026 22:12 GMT,169
24-03-2026 22:17 GMT,169
24-03-2026 22:22 GMT,171
24-03-2026 22:27 GMT,165
24-03-2026 22:32 GMT,185
24-03-2026 22:37 GMT,189
24-03-2026 22:42 GMT,181
24-03-2026 22:47 GMT,194
24-03-2026 22:52 GMT,183
24-03-2026 22:57 GMT,180
24-03-2026 23:02 GMT,181
24-03-2026 23:07 GMT,183
24-03-2026 23:12 GMT,189
24-03-2026 23:17 GMT,199
24-03-2026 23:22 GMT,190
24-03-2026 23:27 GMT,196
24-03-2026 23:32 GMT,201
24-03-2026 23:37 GMT,190
24-03-2026 23:42 GMT,216
24-03-2026 23:47 GMT,236
24-03-2026 23:52 GMT,234
24-03-2026 23:57 GMT,237
25-03-2026 00:02 GMT,225
25-03-2026 00:07 GMT,252
25-03-2026 00:12 GMT,243
25-03-2026 00:17 GMT,230
25-03-2026 00:22 GMT,225
25-03-2026 00:27 GMT,225
25-03-2026 00:32 GMT,225
25-03-2026 00:37 GMT,227
25-03-2026 00:42 GMT,230
25-03-2026 00:47 GMT,230
25-03-2026 00:52 GMT,230
25-03-2026 00:57 GMT,221
25-03-2026 01:02 GMT,217
25-03-2026 01:07 GMT,217
25-03-2026 01:12 GMT,217
25-03-2026 01:17 GMT,214
25-03-2026 01:22 GMT,214
25-03-2026 01:27 GMT,212
25-03-2026 01:32 GMT,210
25-03-2026 01:37 GMT,217
25-03-2026 01:42 GMT,217
25-03-2026 01:47 GMT,214
25-03-2026 01:52 GMT,210
25-03-2026 01:57 GMT,210
25-03-2026 02:02 GMT,212
25-03-2026 02:07 GMT,219
25-03-2026 02:12 GMT,217
25-03-2026 02:17 GMT,190
25-03-2026 02:22 GMT,187
25-03-2026 02:27 GMT,172
25-03-2026 02:32 GMT,156
25-03-2026 02:37 GMT,167
25-03-2026 02:42 GMT,158
25-03-2026 02:47 GMT,149
25-03-2026 02:52 GMT,165
25-03-2026 02:57 GMT,194
25-03-2026 03:02 GMT,201
25-03-2026 03:07 GMT,198
25-03-2026 03:12 GMT,187
25-03-2026 03:17 GMT,176
25-03-2026 03:22 GMT,169
25-03-2026 03:27 GMT,167
25-03-2026 03:32 GMT,163
25-03-2026 03:37 GMT,162
25-03-2026 03:42 GMT,162
25-03-2026 03:47 GMT,160
25-03-2026 03:52 GMT,162
25-03-2026 03:57 GMT,160
25-03-2026 04:02 GMT,162
25-03-2026 04:07 GMT,165
25-03-2026 04:12 GMT,181
25-03-2026 04:17 GMT,167
25-03-2026 04:22 GMT,158
25-03-2026 04:27 GMT,154
25-03-2026 04:32 GMT,154
25-03-2026 04:37 GMT,156
25-03-2026 04:42 GMT,154
25-03-2026 04:47 GMT,154
25-03-2026 04:52 GMT,156
25-03-2026 04:57 GMT,156
25-03-2026 05:02 GMT,156
25-03-2026 05:07 GMT,172
25-03-2026 05:12 GMT,181
25-03-2026 05:17 GMT,180
25-03-2026 05:22 GMT,172
25-03-2026 05:27 GMT,185
25-03-2026 05:32 GMT,187
25-03-2026 05:37 GMT,190
25-03-2026 05:42 GMT,190
25-03-2026 05:47 GMT,190
25-03-2026 05:52 GMT,190
25-03-2026 05:57 GMT,190
25-03-2026 06:02 GMT,190
25-03-2026 06:07 GMT,189
25-03-2026 06:12 GMT,187
25-03-2026 06:17 GMT,185
25-03-2026 06:22 GMT,187
25-03-2026 06:27 GMT,192
25-03-2026 06:32 GMT,189
25-03-2026 06:37 GMT,176
25-03-2026 06:42 GMT,172
25-03-2026 06:47 GMT,172
25-03-2026 06:52 GMT,178
25-03-2026 06:57 GMT,185
25-03-2026 07:02 GMT,185
25-03-2026 07:07 GMT,185
25-03-2026 07:12 GMT,185
25-03-2026 07:17 GMT,187
25-03-2026 07:22 GMT,185
25-03-2026 07:27 GMT,176
25-03-2026 07:32 GMT,172
25-03-2026 07:37 GMT,172
25-03-2026 07:42 GMT,174
25-03-2026 07:47 GMT,176
25-03-2026 07:52 GMT,183
25-03-2026 07:57 GMT,189
25-03-2026 08:02 GMT,192
25-03-2026 08:07 GMT,192
25-03-2026 08:12 GMT,190
25-03-2026 08:17 GMT,189
25-03-2026 08:22 GMT,190
25-03-2026 08:27 GMT,189
25-03-2026 08:32 GMT,189
25-03-2026 08:37 GMT,192
25-03-2026 08:42 GMT,190
25-03-2026 08:47 GMT,190
25-03-2026 08:52 GMT,194
25-03-2026 08:57 GMT,180
25-03-2026 09:02 GMT,180
25-03-2026 09:07 GMT,185
25-03-2026 09:12 GMT,181
25-03-2026 09:17 GMT,185
25-03-2026 09:22 GMT,181
25-03-2026 09:27 GMT,187
25-03-2026 09:32 GMT,176
25-03-2026 09:37 GMT,171
25-03-2026 09:42 GMT,169
25-03-2026 09:47 GMT,169
25-03-2026 09:52 GMT,167
25-03-2026 09:57 GMT,172
25-03-2026 10:02 GMT,212
25-03-2026 10:07 GMT,236
25-03-2026 10:12 GMT,243
25-03-2026 10:17 GMT,248
25-03-2026 10:22 GMT,237
25-03-2026 10:27 GMT,255
25-03-2026 10:32 GMT,266
25-03-2026 10:37 GMT,263
25-03-2026 10:42 GMT,261
25-03-2026 10:47 GMT,263
25-03-2026 10:52 GMT,254
25-03-2026 10:57 GMT,246
25-03-2026 11:02 GMT,237
25-03-2026 11:07 GMT,234
25-03-2026 11:12 GMT,230
25-03-2026 11:17 GMT,232
25-03-2026 11:22 GMT,232
25-03-2026 11:27 GMT,221
25-03-2026 11:32 GMT,217
25-03-2026 11:37 GMT,201
25-03-2026 11:42 GMT,203
25-03-2026 11:47 GMT,205
25-03-2026 11:52 GMT,203
25-03-2026 11:57 GMT,178
25-03-2026 12:02 GMT,165
25-03-2026 12:07 GMT,162
25-03-2026 12:12 GMT,171
25-03-2026 12:17 GMT,174
25-03-2026 12:22 GMT,176
25-03-2026 12:27 GMT,158
25-03-2026 12:32 GMT,171
25-03-2026 12:37 GMT,165
25-03-2026 12:42 GMT,158
25-03-2026 12:47 GMT,151
25-03-2026 12:52 GMT,156
25-03-2026 12:57 GMT,156
25-03-2026 13:02 GMT,156
25-03-2026 13:07 GMT,153
25-03-2026 13:12 GMT,154
25-03-2026 13:17 GMT,144
25-03-2026 13:22 GMT,144
25-03-2026 13:27 GMT,162
25-03-2026 13:32 GMT,171
25-03-2026 13:37 GMT,165
25-03-2026 13:42 GMT,158
25-03-2026 13:47 GMT,154
25-03-2026 13:52 GMT,149
25-03-2026 13:57 GMT,153
25-03-2026 14:02 GMT,153
25-03-2026 14:07 GMT,162
25-03-2026 14:12 GMT,151
25-03-2026 14:17 GMT,151
25-03-2026 14:22 GMT,147
25-03-2026 14:27 GMT,140
25-03-2026 14:32 GMT,144
25-03-2026 14:37 GMT,147
25-03-2026 14:42 GMT,151
25-03-2026 14:47 GMT,153
25-03-2026 14:52 GMT,158
25-03-2026 14:57 GMT,165
25-03-2026 15:02 GMT,176
25-03-2026 15:07 GMT,185
25-03-2026 15:12 GMT,192
25-03-2026 15:17 GMT,207
25-03-2026 15:22 GMT,214
25-03-2026 15:27 GMT,223
25-03-2026 15:32 GMT,230
25-03-2026 15:37 GMT,227
25-03-2026 15:42 GMT,245
25-03-2026 15:47 GMT,248
25-03-2026 15:52 GMT,237
25-03-2026 15:57 GMT,237
25-03-2026 16:02 GMT,239
25-03-2026 16:07 GMT,243
25-03-2026 16:12 GMT,248
25-03-2026 16:17 GMT,252
25-03-2026 16:22 GMT,255
25-03-2026 16:27 GMT,255
25-03-2026 16:32 GMT,252
25-03-2026 16:37 GMT,250
25-03-2026 16:42 GMT,246
25-03-2026 16:47 GMT,243
25-03-2026 16:52 GMT,241
25-03-2026 16:57 GMT,241
25-03-2026 17:02 GMT,237
25-03-2026 17:07 GMT,234
25-03-2026 17:12 GMT,228
25-03-2026 17:17 GMT,225
25-03-2026 17:22 GMT,232
25-03-2026 17:27 GMT,234
25-03-2026 17:32 GMT,227
25-03-2026 17:37 GMT,216
25-03-2026 17:42 GMT,203
25-03-2026 17:47 GMT,181
25-03-2026 17:52 GMT,180
25-03-2026 17:57 GMT,189
25-03-2026 18:02 GMT,196
25-03-2026 18:07 GMT,203
25-03-2026 18:12 GMT,210
25-03-2026 18:17 GMT,210
25-03-2026 18:22 GMT,210
25-03-2026 18:27 GMT,196
25-03-2026 18:32 GMT,210
25-03-2026 18:37 GMT,214
25-03-2026 18:42 GMT,214
25-03-2026 18:47 GMT,212
25-03-2026 18:52 GMT,212
25-03-2026 18:57 GMT,223
25-03-2026 19:02 GMT,223
25-03-2026 19:07 GMT,223
25-03-2026 19:12 GMT,216
25-03-2026 19:17 GMT,212
25-03-2026 19:22 GMT,203
25-03-2026 19:27 GMT,183
25-03-2026 19:32 GMT,190
25-03-2026 19:37 GMT,185
25-03-2026 19:42 GMT,176
25-03-2026 19:47 GMT,185
25-03-2026 19:52 GMT,207
25-03-2026 19:57 GMT,217
25-03-2026 20:02 GMT,214
25-03-2026 20:07 GMT,228
25-03-2026 20:12 GMT,234
25-03-2026 20:17 GMT,230
25-03-2026 20:22 GMT,228
25-03-2026 20:27 GMT,217
25-03-2026 20:32 GMT,225
25-03-2026 20:37 GMT,225
25-03-2026 20:42 GMT,205
25-03-2026 20:47 GMT,194
25-03-2026 20:52 GMT,192
25-03-2026 20:57 GMT,183
25-03-2026 21:02 GMT,185
25-03-2026 21:07 GMT,196
25-03-2026 21:12 GMT,196
25-03-2026 21:17 GMT,199
25-03-2026 21:22 GMT,198
25-03-2026 21:27 GMT,198
25-03-2026 21:32 GMT,214
25-03-2026 21:37 GMT,210
25-03-2026 21:42 GMT,210
25-03-2026 21:47 GMT,212
25-03-2026 21:52 GMT,225
25-03-2026 21:57 GMT,232
25-03-2026 22:02 GMT,239
25-03-2026 22:07 GMT,250
25-03-2026 22:12 GMT,259
25-03-2026 22:17 GMT,264
25-03-2026 22:22 GMT,261
25-03-2026 22:27 GMT,272
25-03-2026 22:32 GMT,270
25-03-2026 22:37 GMT,259
25-03-2026 22:42 GMT,273
25-03-2026 22:47 GMT,288
25-03-2026 22:52 GMT,272
25-03-2026 22:57 GMT,279
25-03-2026 23:02 GMT,273
25-03-2026 23:07 GMT,264
25-03-2026 23:12 GMT,263
25-03-2026 23:17 GMT,275
25-03-2026 23:22 GMT,277
25-03-2026 23:27 GMT,306
25-03-2026 23:32 GMT,313
25-03-2026 23:37 GMT,315
25-03-2026 23:42 GMT,318
25-03-2026 23:47 GMT,308
25-03-2026 23:52 GMT,291
25-03-2026 23:57 GMT,284
26-03-2026 00:02 GMT,282
26-03-2026 00:07 GMT,275
26-03-2026 00:12 GMT,284
26-03-2026 00:17 GMT,277
26-03-2026 00:22 GMT,266
26-03-2026 00:27 GMT,255
26-03-2026 00:32 GMT,250
26-03-2026 00:37 GMT,257
26-03-2026 00:42 GMT,259
26-03-2026 00:47 GMT,255
26-03-2026 00:52 GMT,259
26-03-2026 00:57 GMT,266
26-03-2026 01:02 GMT,257
26-03-2026 01:07 GMT,246
26-03-2026 01:12 GMT,243
26-03-2026 01:17 GMT,232
26-03-2026 01:22 GMT,236
26-03-2026 01:27 GMT,234
26-03-2026 01:32 GMT,219
26-03-2026 01:37 GMT,221
26-03-2026 01:42 GMT,237
26-03-2026 01:47 GMT,230
26-03-2026 01:52 GMT,225
26-03-2026 01:57 GMT,221
26-03-2026 02:02 GMT,212
26-03-2026 02:07 GMT,208
26-03-2026 02:12 GMT,192
26-03-2026 02:17 GMT,189
26-03-2026 02:22 GMT,198
26-03-2026 02:27 GMT,185
26-03-2026 02:32 GMT,189
26-03-2026 02:37 GMT,183
26-03-2026 02:42 GMT,185
26-03-2026 02:47 GMT,183
26-03-2026 02:52 GMT,180
26-03-2026 02:57 GMT,181
26-03-2026 03:02 GMT,181
26-03-2026 03:07 GMT,171
26-03-2026 03:12 GMT,158
26-03-2026 03:17 GMT,154
26-03-2026 03:22 GMT,160
26-03-2026 03:27 GMT,160
26-03-2026 03:32 GMT,176
26-03-2026 03:37 GMT,174
26-03-2026 03:42 GMT,163
26-03-2026 03:47 GMT,160
26-03-2026 03:52 GMT,165
26-03-2026 03:57 GMT,162
26-03-2026 04:02 GMT,158
26-03-2026 04:07 GMT,158
26-03-2026 04:12 GMT,158
26-03-2026 04:17 GMT,156
26-03-2026 04:22 GMT,158
26-03-2026 04:27 GMT,154
26-03-2026 04:32 GMT,156
26-03-2026 04:37 GMT,158
26-03-2026 04:42 GMT,162
26-03-2026 04:47 GMT,153
26-03-2026 04:52 GMT,147
26-03-2026 04:57 GMT,145
26-03-2026 05:02 GMT,144
26-03-2026 05:07 GMT,149
26-03-2026 05:12 GMT,158
26-03-2026 05:17 GMT,163
26-03-2026 05:22 GMT,162
26-03-2026 05:27 GMT,174
26-03-2026 05:32 GMT,163
26-03-2026 05:37 GMT,172
26-03-2026 05:42 GMT,167
26-03-2026 05:47 GMT,154
26-03-2026 05:52 GMT,151
26-03-2026 05:57 GMT,160
26-03-2026 06:02 GMT,158
26-03-2026 06:07 GMT,138
26-03-2026 06:12 GMT,136
26-03-2026 06:17 GMT,136
26-03-2026 06:22 GMT,136
26-03-2026 06:27 GMT,138
26-03-2026 06:32 GMT,140
26-03-2026 06:37 GMT,163
26-03-2026 06:42 GMT,163
26-03-2026 06:47 GMT,165
26-03-2026 06:52 GMT,172
26-03-2026 06:57 GMT,178
26-03-2026 07:02 GMT,178
26-03-2026 07:07 GMT,181
26-03-2026 07:12 GMT,185
26-03-2026 07:17 GMT,185
26-03-2026 07:22 GMT,174
26-03-2026 07:27 GMT,171
26-03-2026 07:32 GMT,180
26-03-2026 07:37 GMT,181
26-03-2026 07:42 GMT,181
26-03-2026 07:47 GMT,180
26-03-2026 07:52 GMT,176
26-03-2026 07:57 GMT,185
26-03-2026 08:02 GMT,196
26-03-2026 08:07 GMT,192
26-03-2026 08:12 GMT,190
26-03-2026 08:17 GMT,192
26-03-2026 08:22 GMT,192
26-03-2026 08:27 GMT,190
26-03-2026 08:32 GMT,190
26-03-2026 08:37 GMT,196
26-03-2026 08:42 GMT,198
26-03-2026 08:47 GMT,196
26-03-2026 08:52 GMT,194
26-03-2026 08:57 GMT,192
26-03-2026 09:02 GMT,192
26-03-2026 09:07 GMT,189
26-03-2026 09:12 GMT,205
26-03-2026 09:17 GMT,201
26-03-2026 09:22 GMT,198
26-03-2026 09:27 GMT,201
26-03-2026 09:32 GMT,198
26-03-2026 09:37 GMT,198
26-03-2026 09:42 GMT,192
26-03-2026 09:47 GMT,192
26-03-2026 09:52 GMT,185
26-03-2026 09:57 GMT,183
26-03-2026 10:02 GMT,183
26-03-2026 10:07 GMT,187
26-03-2026 10:12 GMT,185
26-03-2026 10:17 GMT,183
26-03-2026 10:22 GMT,180
26-03-2026 10:27 GMT,176
26-03-2026 10:32 GMT,187
26-03-2026 10:37 GMT,198
26-03-2026 10:42 GMT,201
26-03-2026 10:47 GMT,201
26-03-2026 10:52 GMT,190
26-03-2026 10:57 GMT,190
26-03-2026 11:02 GMT,230
26-03-2026 11:07 GMT,252
26-03-2026 11:12 GMT,257
26-03-2026 11:17 GMT,259
26-03-2026 11:22 GMT,270
26-03-2026 11:27 GMT,281
26-03-2026 11:32 GMT,273
26-03-2026 11:37 GMT,279
26-03-2026 11:42 GMT,270
26-03-2026 11:47 GMT,255
26-03-2026 11:52 GMT,252
26-03-2026 11:57 GMT,250
26-03-2026 12:02 GMT,234
26-03-2026 12:07 GMT,234
26-03-2026 12:12 GMT,228
26-03-2026 12:17 GMT,227
26-03-2026 12:22 GMT,223
26-03-2026 12:27 GMT,208
26-03-2026 12:32 GMT,212
26-03-2026 12:37 GMT,210
26-03-2026 12:42 GMT,208
26-03-2026 12:47 GMT,210
26-03-2026 12:52 GMT,201
26-03-2026 12:57 GMT,205
26-03-2026 13:02 GMT,214
26-03-2026 13:07 GMT,203
26-03-2026 13:12 GMT,183
26-03-2026 13:17 GMT,180
26-03-2026 13:22 GMT,167
26-03-2026 13:27 GMT,163
26-03-2026 13:32 GMT,163
26-03-2026 13:37 GMT,165
26-03-2026 13:42 GMT,160
26-03-2026 13:47 GMT,162
26-03-2026 13:52 GMT,163
26-03-2026 13:57 GMT,162
26-03-2026 14:02 GMT,158
26-03-2026 14:07 GMT,167
26-03-2026 14:12 GMT,160
26-03-2026 14:17 GMT,165
26-03-2026 14:22 GMT,167
26-03-2026 14:27 GMT,167
26-03-2026 14:32 GMT,167
26-03-2026 14:37 GMT,169
26-03-2026 14:42 GMT,171
26-03-2026 14:47 GMT,162
26-03-2026 14:52 GMT,158
26-03-2026 14:57 GMT,151
26-03-2026 15:02 GMT,145
26-03-2026 15:07 GMT,142
26-03-2026 15:12 GMT,144
26-03-2026 15:17 GMT,138
26-03-2026 15:22 GMT,153
26-03-2026 15:27 GMT,162
26-03-2026 15:32 GMT,162
26-03-2026 15:37 GMT,160
26-03-2026 15:42 GMT,160
26-03-2026 15:47 GMT,162
26-03-2026 15:52 GMT,163
26-03-2026 15:57 GMT,165
26-03-2026 16:02 GMT,167
26-03-2026 16:07 GMT,169
26-03-2026 16:12 GMT,172
26-03-2026 16:17 GMT,176
26-03-2026 16:22 GMT,178
26-03-2026 16:27 GMT,181
26-03-2026 16:32 GMT,183
26-03-2026 16:37 GMT,187
26-03-2026 16:42 GMT,190
26-03-2026 16:47 GMT,185
26-03-2026 16:52 GMT,181
26-03-2026 16:57 GMT,178
26-03-2026 17:02 GMT,172
26-03-2026 17:07 GMT,171
26-03-2026 17:12 GMT,169
26-03-2026 17:17 GMT,167
26-03-2026 17:22 GMT,167
26-03-2026 17:27 GMT,167
26-03-2026 17:32 GMT,171
26-03-2026 17:37 GMT,176
26-03-2026 17:42 GMT,167
26-03-2026 17:47 GMT,153
26-03-2026 17:52 GMT,138
26-03-2026 17:57 GMT,135
26-03-2026 18:02 GMT,135
26-03-2026 18:07 GMT,133
26-03-2026 18:12 GMT,153
26-03-2026 18:17 GMT,156
26-03-2026 18:22 GMT,156
26-03-2026 18:27 GMT,151
26-03-2026 18:32 GMT,147
26-03-2026 18:37 GMT,154
26-03-2026 18:42 GMT,160
26-03-2026 18:47 GMT,160
26-03-2026 18:52 GMT,163
26-03-2026 18:57 GMT,180
26-03-2026 19:02 GMT,190
26-03-2026 19:07 GMT,194
26-03-2026 19:12 GMT,208
26-03-2026 19:17 GMT,221
26-03-2026 19:22 GMT,217
26-03-2026 19:27 GMT,225
26-03-2026 19:32 GMT,227
26-03-2026 19:37 GMT,236
26-03-2026 19:42 GMT,230
26-03-2026 19:47 GMT,219
26-03-2026 19:52 GMT,208
26-03-2026 19:57 GMT,210
26-03-2026 20:02 GMT,214
26-03-2026 20:07 GMT,208
26-03-2026 20:12 GMT,212
26-03-2026 20:17 GMT,227
26-03-2026 20:22 GMT,230
26-03-2026 20:27 GMT,227
26-03-2026 20:32 GMT,219
26-03-2026 20:37 GMT,216
26-03-2026 20:42 GMT,219
26-03-2026 20:47 GMT,210
26-03-2026 20:52 GMT,214
26-03-2026 20:57 GMT,208
26-03-2026 21:02 GMT,203
26-03-2026 21:07 GMT,225
26-03-2026 21:12 GMT,237
26-03-2026 21:17 GMT,241
26-03-2026 21:22 GMT,243
26-03-2026 21:27 GMT,257
26-03-2026 21:32 GMT,254
26-03-2026 21:37 GMT,234
26-03-2026 21:42 GMT,221
26-03-2026 21:47 GMT,239
26-03-2026 21:52 GMT,252
26-03-2026 21:57 GMT,243
26-03-2026 22:02 GMT,246
26-03-2026 22:07 GMT,236
26-03-2026 22:12 GMT,270
26-03-2026 22:17 GMT,261
26-03-2026 22:22 GMT,255
26-03-2026 22:27 GMT,255
26-03-2026 22:32 GMT,254
26-03-2026 22:37 GMT,255
26-03-2026 22:42 GMT,275
26-03-2026 22:47 GMT,279
26-03-2026 22:52 GMT,270
26-03-2026 22:57 GMT,272
26-03-2026 23:02 GMT,272
26-03-2026 23:07 GMT,302
26-03-2026 23:12 GMT,291
26-03-2026 23:17 GMT,273
26-03-2026 23:22 GMT,273
26-03-2026 23:27 GMT,257
26-03-2026 23:32 GMT,257
26-03-2026 23:37 GMT,257
26-03-2026 23:42 GMT,259
26-03-2026 23:47 GMT,250
26-03-2026 23:52 GMT,248
26-03-2026 23:57 GMT,234
27-03-2026 00:02 GMT,250
27-03-2026 00:07 GMT,254
27-03-2026 00:12 GMT,237
27-03-2026 00:17 GMT,228
27-03-2026 00:22 GMT,245
27-03-2026 00:27 GMT,239
27-03-2026 00:32 GMT,236
27-03-2026 00:37 GMT,237
27-03-2026 00:42 GMT,212
27-03-2026 00:47 GMT,190
27-03-2026 00:52 GMT,201
27-03-2026 00:57 GMT,207
27-03-2026 01:02 GMT,199
27-03-2026 01:07 GMT,201
27-03-2026 01:12 GMT,208
27-03-2026 01:17 GMT,208
27-03-2026 01:22 GMT,205
27-03-2026 01:27 GMT,203
27-03-2026 01:32 GMT,203
27-03-2026 01:37 GMT,203
27-03-2026 01:42 GMT,207
27-03-2026 01:47 GMT,205
27-03-2026 01:52 GMT,212
27-03-2026 01:57 GMT,208
27-03-2026 02:02 GMT,207
27-03-2026 02:07 GMT,205
27-03-2026 02:12 GMT,201
27-03-2026 02:17 GMT,189
27-03-2026 02:22 GMT,189
27-03-2026 02:27 GMT,201
27-03-2026 02:32 GMT,199
27-03-2026 02:37 GMT,192
27-03-2026 02:42 GMT,185
27-03-2026 02:47 GMT,180
27-03-2026 02:52 GMT,176
27-03-2026 02:57 GMT,172
27-03-2026 03:02 GMT,169
27-03-2026 03:07 GMT,171
27-03-2026 03:12 GMT,167
27-03-2026 03:17 GMT,153
27-03-2026 03:22 GMT,149
27-03-2026 03:27 GMT,145
27-03-2026 03:32 GMT,144
27-03-2026 03:37 GMT,140
27-03-2026 03:42 GMT,138
27-03-2026 03:47 GMT,131
27-03-2026 03:52 GMT,122
27-03-2026 03:57 GMT,122
27-03-2026 04:02 GMT,126
27-03-2026 04:07 GMT,142
27-03-2026 04:12 GMT,145
27-03-2026 04:17 GMT,160
27-03-2026 04:22 GMT,165
27-03-2026 04:27 GMT,169
27-03-2026 04:32 GMT,171
27-03-2026 04:37 GMT,162
27-03-2026 04:42 GMT,165
27-03-2026 04:47 GMT,165
27-03-2026 04:52 GMT,163
27-03-2026 04:57 GMT,163
27-03-2026 05:02 GMT,154
27-03-2026 05:07 GMT,167
27-03-2026 05:12 GMT,169
27-03-2026 05:17 GMT,163
27-03-2026 05:22 GMT,144
27-03-2026 05:27 GMT,138
27-03-2026 05:32 GMT,140
27-03-2026 05:37 GMT,138
27-03-2026 05:42 GMT,138
27-03-2026 05:47 GMT,138
27-03-2026 05:52 GMT,138
27-03-2026 05:57 GMT,138
27-03-2026 06:02 GMT,145
27-03-2026 06:07 GMT,147
27-03-2026 06:12 GMT,149
27-03-2026 06:17 GMT,156
27-03-2026 06:22 GMT,163
27-03-2026 06:27 GMT,163
27-03-2026 06:32 GMT,171
27-03-2026 06:37 GMT,174
27-03-2026 06:42 GMT,174
27-03-2026 06:47 GMT,174
27-03-2026 06:52 GMT,176
27-03-2026 06:57 GMT,176
27-03-2026 07:02 GMT,181
27-03-2026 07:07 GMT,172
27-03-2026 07:12 GMT,167
27-03-2026 07:17 GMT,162
27-03-2026 07:22 GMT,156
27-03-2026 07:27 GMT,154
27-03-2026 07:32 GMT,153
27-03-2026 07:37 GMT,156
27-03-2026 07:42 GMT,156
27-03-2026 07:47 GMT,172
27-03-2026 07:52 GMT,165
27-03-2026 07:57 GMT,162
27-03-2026 08:02 GMT,163
27-03-2026 08:07 GMT,163
27-03-2026 08:12 GMT,163
27-03-2026 08:17 GMT,163
27-03-2026 08:22 GMT,180
27-03-2026 08:27 GMT,172
27-03-2026 08:32 GMT,162
27-03-2026 08:37 GMT,149
27-03-2026 08:42 GMT,180
27-03-2026 08:47 GMT,181
27-03-2026 08:52 GMT,178
27-03-2026 08:57 GMT,185
27-03-2026 09:02 GMT,194
27-03-2026 09:07 GMT,201
27-03-2026 09:12 GMT,196
27-03-2026 09:17 GMT,198
27-03-2026 09:22 GMT,192
27-03-2026 09:27 GMT,196
27-03-2026 09:32 GMT,201
27-03-2026 09:37 GMT,201
27-03-2026 09:42 GMT,190
27-03-2026 09:47 GMT,196
27-03-2026 09:52 GMT,190
27-03-2026 09:57 GMT,207
27-03-2026 10:02 GMT,217
27-03-2026 10:07 GMT,237
27-03-2026 10:12 GMT,239
27-03-2026 10:17 GMT,246
27-03-2026 10:22 GMT,250
27-03-2026 10:27 GMT,252
27-03-2026 10:32 GMT,250
27-03-2026 10:37 GMT,254
27-03-2026 10:42 GMT,252
27-03-2026 10:47 GMT,246
27-03-2026 10:52 GMT,254
27-03-2026 10:57 GMT,246
27-03-2026 11:02 GMT,243
27-03-2026 11:07 GMT,245
27-03-2026 11:12 GMT,232
27-03-2026 11:17 GMT,228
27-03-2026 11:22 GMT,221
27-03-2026 11:27 GMT,228
27-03-2026 11:32 GMT,223
27-03-2026 11:37 GMT,214
27-03-2026 11:42 GMT,212
27-03-2026 11:47 GMT,217
27-03-2026 11:52 GMT,217
27-03-2026 11:57 GMT,203
27-03-2026 12:02 GMT,199
27-03-2026 12:07 GMT,192
27-03-2026 12:12 GMT,192
27-03-2026 12:17 GMT,199
27-03-2026 12:22 GMT,198
27-03-2026 12:27 GMT,194
27-03-2026 12:32 GMT,196
27-03-2026 12:37 GMT,190
27-03-2026 12:42 GMT,192
27-03-2026 12:47 GMT,183
27-03-2026 12:52 GMT,178
27-03-2026 12:57 GMT,183
27-03-2026 13:02 GMT,185
27-03-2026 13:07 GMT,185
27-03-2026 13:12 GMT,180
27-03-2026 13:17 GMT,180
27-03-2026 13:22 GMT,176
27-03-2026 13:27 GMT,180
27-03-2026 13:32 GMT,178
27-03-2026 13:37 GMT,176
27-03-2026 13:42 GMT,192
27-03-2026 13:47 GMT,194
27-03-2026 13:52 GMT,194
27-03-2026 13:57 GMT,183
27-03-2026 14:02 GMT,187
27-03-2026 14:07 GMT,181
27-03-2026 14:12 GMT,185
27-03-2026 14:17 GMT,185
27-03-2026 14:22 GMT,189
27-03-2026 14:27 GMT,185
27-03-2026 14:32 GMT,180
27-03-2026 14:37 GMT,178
27-03-2026 14:42 GMT,174
27-03-2026 14:47 GMT,165
27-03-2026 14:52 GMT,162
27-03-2026 14:57 GMT,158
27-03-2026 15:02 GMT,158
27-03-2026 15:07 GMT,165
27-03-2026 15:12 GMT,169
27-03-2026 15:17 GMT,181
27-03-2026 15:22 GMT,181
27-03-2026 15:27 GMT,183
27-03-2026 15:32 GMT,185
27-03-2026 15:37 GMT,194
27-03-2026 15:42 GMT,199
27-03-2026 15:47 GMT,205
27-03-2026 15:52 GMT,194
27-03-2026 15:57 GMT,194
27-03-2026 16:02 GMT,199
27-03-2026 16:07 GMT,205
27-03-2026 16:12 GMT,207
27-03-2026 16:17 GMT,208
27-03-2026 16:22 GMT,210
27-03-2026 16:27 GMT,210
27-03-2026 16:32 GMT,210
27-03-2026 16:37 GMT,210
27-03-2026 16:42 GMT,212
27-03-2026 16:47 GMT,214
27-03-2026 16:52 GMT,212
27-03-2026 16:57 GMT,208
27-03-2026 17:02 GMT,214
27-03-2026 17:07 GMT,203
27-03-2026 17:12 GMT,201
27-03-2026 17:17 GMT,201
27-03-2026 17:22 GMT,212
27-03-2026 17:27 GMT,207
27-03-2026 17:32 GMT,208
27-03-2026 17:37 GMT,214
27-03-2026 17:42 GMT,214
27-03-2026 17:47 GMT,217
27-03-2026 17:52 GMT,232
27-03-2026 17:57 GMT,239
27-03-2026 18:02 GMT,234
27-03-2026 18:07 GMT,234
27-03-2026 18:12 GMT,236
27-03-2026 18:17 GMT,230
27-03-2026 18:22 GMT,230
27-03-2026 18:27 GMT,223
27-03-2026 18:32 GMT,221
27-03-2026 18:37 GMT,217
27-03-2026 18:42 GMT,230
27-03-2026 18:47 GMT,234
27-03-2026 18:52 GMT,241
27-03-2026 18:57 GMT,237
27-03-2026 19:02 GMT,239
27-03-2026 19:07 GMT,228
27-03-2026 19:12 GMT,239
27-03-2026 19:17 GMT,225
27-03-2026 19:22 GMT,219
27-03-2026 19:27 GMT,217
27-03-2026 19:32 GMT,205
27-03-2026 19:37 GMT,207
27-03-2026 19:42 GMT,225
27-03-2026 19:47 GMT,221
27-03-2026 19:52 GMT,227
27-03-2026 19:57 GMT,225
27-03-2026 20:02 GMT,234
27-03-2026 20:07 GMT,234
27-03-2026 20:12 GMT,257
27-03-2026 20:17 GMT,259
27-03-2026 20:22 GMT,257
27-03-2026 20:27 GMT,255
27-03-2026 20:32 GMT,254
27-03-2026 20:37 GMT,263
27-03-2026 20:42 GMT,281
27-03-2026 20:47 GMT,281
27-03-2026 20:52 GMT,281
27-03-2026 20:57 GMT,291
27-03-2026 21:02 GMT,291
27-03-2026 21:07 GMT,311
27-03-2026 21:12 GMT,327
27-03-2026 21:17 GMT,320
27-03-2026 21:22 GMT,318
27-03-2026 21:27 GMT,322
27-03-2026 21:32 GMT,317
27-03-2026 21:37 GMT,315
27-03-2026 21:42 GMT,326
27-03-2026 21:47 GMT,318
27-03-2026 21:52 GMT,313
27-03-2026 21:57 GMT,309
27-03-2026 22:02 GMT,304
27-03-2026 22:07 GMT,302
27-03-2026 22:12 GMT,299
27-03-2026 22:17 GMT,290
27-03-2026 22:22 GMT,266
27-03-2026 22:27 GMT,248
27-03-2026 22:32 GMT,237
27-03-2026 22:37 GMT,245
27-03-2026 22:42 GMT,217
27-03-2026 22:47 GMT,219
27-03-2026 22:52 GMT,201
27-03-2026 22:57 GMT,201
27-03-2026 23:02 GMT,187
27-03-2026 23:07 GMT,169
27-03-2026 23:12 GMT,153
27-03-2026 23:17 GMT,142
27-03-2026 23:22 GMT,153
27-03-2026 23:27 GMT,140
27-03-2026 23:32 GMT,138
27-03-2026 23:37 GMT,142
27-03-2026 23:42 GMT,162
27-03-2026 23:47 GMT,165
27-03-2026 23:52 GMT,172
27-03-2026 23:57 GMT,180
28-03-2026 00:02 GMT,185
28-03-2026 00:07 GMT,196
28-03-2026 00:12 GMT,210
28-03-2026 00:17 GMT,227
28-03-2026 00:22 GMT,237
28-03-2026 00:27 GMT,230
28-03-2026 00:32 GMT,239
28-03-2026 00:37 GMT,232
28-03-2026 00:42 GMT,228
28-03-2026 00:47 GMT,232
28-03-2026 00:52 GMT,234
28-03-2026 00:57 GMT,239
28-03-2026 01:02 GMT,248
28-03-2026 01:07 GMT,241
28-03-2026 01:12 GMT,237
28-03-2026 01:17 GMT,241
28-03-2026 01:22 GMT,246
28-03-2026 01:27 GMT,246
28-03-2026 01:32 GMT,257
28-03-2026 01:37 GMT,245
28-03-2026 01:42 GMT,234
28-03-2026 01:47 GMT,230
28-03-2026 01:52 GMT,227
28-03-2026 01:57 GMT,257
28-03-2026 02:02 GMT,254
28-03-2026 02:07 GMT,245
28-03-2026 02:12 GMT,245
28-03-2026 02:17 GMT,241
28-03-2026 02:22 GMT,239
28-03-2026 02:27 GMT,236
28-03-2026 02:32 GMT,228
28-03-2026 02:37 GMT,217
28-03-2026 02:42 GMT,214
28-03-2026 02:47 GMT,219
28-03-2026 02:52 GMT,216
28-03-2026 02:57 GMT,217
28-03-2026 03:02 GMT,216
28-03-2026 03:07 GMT,216
28-03-2026 03:12 GMT,217
28-03-2026 03:17 GMT,216
28-03-2026 03:22 GMT,223
28-03-2026 03:27 GMT,223
28-03-2026 03:32 GMT,221
28-03-2026 03:37 GMT,217
28-03-2026 03:42 GMT,219
28-03-2026 03:47 GMT,216
28-03-2026 03:52 GMT,216
28-03-2026 03:57 GMT,207
28-03-2026 04:02 GMT,205
28-03-2026 04:07 GMT,198
28-03-2026 04:12 GMT,199
28-03-2026 04:17 GMT,210
28-03-2026 04:22 GMT,203
28-03-2026 04:27 GMT,199
28-03-2026 04:32 GMT,194
28-03-2026 04:37 GMT,194
28-03-2026 04:42 GMT,194
28-03-2026 04:47 GMT,199
28-03-2026 04:52 GMT,199
28-03-2026 04:57 GMT,208
28-03-2026 05:02 GMT,208
28-03-2026 05:07 GMT,208
28-03-2026 05:12 GMT,208
28-03-2026 05:17 GMT,208
28-03-2026 05:22 GMT,190
28-03-2026 05:27 GMT,190
28-03-2026 05:32 GMT,189
28-03-2026 05:37 GMT,192
28-03-2026 05:42 GMT,189
28-03-2026 05:47 GMT,180
28-03-2026 05:52 GMT,178
28-03-2026 05:57 GMT,176
28-03-2026 06:02 GMT,172
28-03-2026 06:07 GMT,172
28-03-2026 06:12 GMT,172
28-03-2026 06:17 GMT,174
28-03-2026 06:22 GMT,185
28-03-2026 06:27 GMT,194
28-03-2026 06:32 GMT,194
28-03-2026 06:37 GMT,192
28-03-2026 06:42 GMT,187
28-03-2026 06:47 GMT,189
28-03-2026 06:52 GMT,192
28-03-2026 06:57 GMT,198
28-03-2026 07:02 GMT,198
28-03-2026 07:07 GMT,203
28-03-2026 07:12 GMT,203
28-03-2026 07:17 GMT,207
28-03-2026 07:22 GMT,205
28-03-2026 07:27 GMT,212
28-03-2026 07:32 GMT,210
28-03-2026 07:37 GMT,210
28-03-2026 07:42 GMT,210
28-03-2026 07:47 GMT,214
28-03-2026 07:52 GMT,210
28-03-2026 07:57 GMT,210
28-03-2026 08:02 GMT,210
28-03-2026 08:07 GMT,205
28-03-2026 08:12 GMT,181
28-03-2026 08:17 GMT,174
28-03-2026 08:22 GMT,171
28-03-2026 08:27 GMT,189
28-03-2026 08:32 GMT,199
28-03-2026 08:37 GMT,196
28-03-2026 08:42 GMT,192
28-03-2026 08:47 GMT,190
28-03-2026 08:52 GMT,187
28-03-2026 08:57 GMT,208
28-03-2026 09:02 GMT,212
28-03-2026 09:07 GMT,212
28-03-2026 09:12 GMT,210
28-03-2026 09:17 GMT,208
28-03-2026 09:22 GMT,207